[
  [
    "~\n`",
    "!\n1",
    "@\n2",
    "#\n3",
    "$\n4",
    "%\n5",
    "^\n6",
    "&\n7",
    "*\n8",
    "(\n9",
    ")\n0",
    "_\n-",
    "+\n=",
    {
      "w": 2
    },
    "Backspace\n\n\n2"
  ],
  [
    {
      "w": 1.5
    },
    "Tab\n\n\n1.5",
    "Q",
    "W",
    "E",
    "R",
    "T",
    "Y",
    "U",
    "I",
    "O",
    "P",
    "{\n[",
    "}\n]",
    {
      "w": 1.5
    },
    "|\n\\\n\n1.5",
    "Play"
  ],
  [
    {
      "w": 1.75
    },
    "Caps Lock\n\n\n1.75",
    "A",
    "S",
    "D",
    "F",
    "G",
    "H",
    "J",
    "K",
    "L",
    ":\n;",
    "\"\n'",
    {
      "w": 2.25
    },
    "Enter\n\n\n2.25",
    "Skip"
  ],
  [
    {
      "w": 2.25
    },
    "Shift\n\n\n2.25",
    "Z",
    "X",
    "C",
    "V",
    "B",
    "N",
    "M",
    "<\n,",
    ">\n.",
    "?\n/",
    {
      "w": 1.75
    },
    "Shift\n\n\n1.75",
    "↑",
    "Back"
  ],
  [
    {
      "w": 1.25
    },
    "Ctrl\n\n\n1.25",
    {
      "w": 1.25
    },
    "Win\n\n\n1.25",
    {
      "w": 1.25
    },
    "Alt\n\n\n1.25",
    {
      "w": 6.25
    },
    "\n\n\n6.25",
    "Alt\n\n\n1",
    "Ctrl\n\n\n1",
    "Menu\n\n\n1",
    "←",
    "↓",
    "→"
  ],
  [
    {
      "y": 0.5,
      "w": 1.25
    },
    "Ctrl\n\n\n1.25",
    {
      "w": 1.25
    },
    "Win\n\n\n1.25",
    {
      "w": 1.25
    },
    "Alt\n\n\n1.25",
    {
      "w": 6.25
    },
    "\n\n\n6.25",
    {
      "w": 1.25
    },
    "Alt\n\n\n1.25",
    {
      "w": 1.25
    },
    "Ctrl\n\n\n1.25",
    {
      "x": 0.5
    },
    "←",
    "↓",
    "→"
  ]
]