﻿Designator,Footprint,Quantity,Value,LCSC Part #
"BOOT1, RST1",SW_SPST_TL3342,2,SW_SPST,
"C1, C3, C4, C5, C6, C7, C8",0402,7,100nF,C307331
"C10, C9",0402,2,1uF,C307331
"C11, C12, C13, C14, C15, C16, C17, C18, C19, C20, C21, C22, C23, C24, C25, C26",0402,16,0.1 uF,
C2,0603,1,10uF,C307331
"D1, D10, D11, D12, D13, D14, D15, D16, D17, D18, D19, D2, D20, D21, D22, D23, D24, D25, D26, D27, D28, D29, D3, D30, D31, D32, D33, D34, D35, D36, D37, D38, D39, D4, D40, D41, D42, D43, D44, D45, D46, D47, D48, D49, D5, D50, D51, D52, D53, D54, D55, D56, D57, D58, D59, D6, D60, D61, D62, D63, D64, D65, D66, D67, D68, D7, D8, D9",D_SOD-123,68,D_Small,
"D69, D70, D71, D72, D73, D74, D75, D76, D77, D78, D79, D80, D81, D82",LED_WS2812B_PLCC4_5.0x5.0mm_P3.2mm,14,WS2812B,
F1,1206,1,500mA,C135341
J1,USB_C_Receptacle_HRO_TYPE-C-31-M-12,1,USB_C_Receptacle_USB2.0,
"R1, R2, R3, R4",0402,4,5.1k,
"R7, R8",0603,2,5.1k,
SW2,ROT_Alps_EC11E-Switch,1,RotaryEncoder_Switch,
U1,LQFP-48_7x7mm_P0.5mm,1,STM32F072CBT6,
U2,SOT-143,1,PRTR5V0U2X,C2827688
U3,SOT-23,1,XC6206PxxxMR-Regulator_Linear,C5446
U4,SOT-363_SC-70-6_Handsoldering,1,TXB0101,C324081
